CartID,CID,PID,cart_status
1,63,38,deleted
2,33,8,in_cart
3,92,84,ordered
4,81,91,ordered
5,60,81,in_cart
6,51,51,in_cart
7,23,62,deleted
8,77,54,in_cart
9,73,3,in_cart
10,98,94,deleted
11,6,10,in_cart
12,67,43,deleted
13,20,52,in_cart
14,50,36,ordered
15,17,43,in_cart
16,62,36,in_cart
17,64,43,deleted
18,60,61,ordered
19,15,48,deleted
20,59,7,deleted
21,93,42,deleted
22,72,66,deleted
23,18,12,ordered
24,97,75,in_cart
25,95,43,deleted
26,11,44,deleted
27,85,38,in_cart
28,11,73,in_cart
29,16,9,deleted
30,79,85,deleted
31,20,24,deleted
32,71,69,deleted
33,19,37,in_cart
34,74,68,deleted
35,31,87,ordered
36,90,48,in_cart
37,76,87,in_cart
38,47,79,deleted
39,12,43,ordered
40,62,76,in_cart
41,30,95,in_cart
42,69,38,ordered
43,53,41,in_cart
44,20,100,in_cart
45,77,36,ordered
46,15,95,ordered
47,91,35,in_cart
48,39,49,in_cart
49,96,98,deleted
50,32,99,in_cart
51,7,6,in_cart
52,13,10,deleted
53,66,92,ordered
54,69,90,deleted
55,47,25,deleted
56,9,96,deleted
57,62,93,in_cart
58,29,73,ordered
59,75,39,ordered
60,39,59,deleted
61,23,80,ordered
62,7,92,deleted
63,45,14,ordered
64,77,79,deleted
65,80,18,in_cart
66,90,88,in_cart
67,13,74,ordered
68,88,20,deleted
69,54,23,ordered
70,83,11,ordered
71,16,27,in_cart
72,7,69,in_cart
73,71,12,in_cart
74,34,5,ordered
75,35,68,in_cart
76,13,74,deleted
77,3,52,ordered
78,43,36,deleted
79,92,69,in_cart
80,32,92,ordered
81,52,77,in_cart
82,40,40,deleted
83,84,16,ordered
84,70,86,deleted
85,4,16,ordered
86,34,39,in_cart
87,49,32,ordered
88,12,70,in_cart
89,64,49,ordered
90,71,25,deleted
91,46,56,deleted
92,33,80,deleted
93,38,91,deleted
94,90,26,in_cart
95,53,76,ordered
96,70,45,deleted
97,55,50,in_cart
98,14,83,in_cart
99,24,35,ordered
100,22,56,in_cart
101,61,73,ordered
102,96,15,ordered
103,18,38,ordered
104,59,24,deleted
105,68,100,in_cart
106,68,14,ordered
107,99,94,in_cart
108,30,31,ordered
109,4,44,ordered
110,47,97,ordered
111,41,79,ordered
112,45,4,deleted
113,83,43,deleted
114,25,69,in_cart
115,96,70,in_cart
116,61,24,deleted
117,93,28,deleted
118,5,40,deleted
119,93,44,in_cart
120,77,92,in_cart
121,45,13,ordered
122,4,13,deleted
123,34,61,ordered
124,4,90,ordered
125,88,53,ordered
126,2,18,deleted
127,71,62,deleted
128,25,8,deleted
129,34,27,ordered
130,15,77,deleted
131,14,37,ordered
132,61,94,ordered
133,5,10,in_cart
134,63,71,ordered
135,83,62,ordered
136,70,84,deleted
137,88,84,ordered
138,92,54,in_cart
139,39,84,deleted
140,20,85,ordered
141,73,66,in_cart
142,78,77,in_cart
143,79,74,in_cart
144,72,41,deleted
145,25,24,ordered
146,80,12,ordered
147,24,11,deleted
148,84,55,deleted
149,10,99,ordered
150,23,5,ordered
151,21,62,ordered
152,88,96,deleted
153,83,4,deleted
154,90,9,deleted
155,32,81,ordered
156,72,92,in_cart
157,46,1,ordered
158,82,87,ordered
159,50,67,ordered
160,40,81,deleted
161,92,35,ordered
162,92,74,in_cart
163,94,49,deleted
164,12,45,deleted
165,45,13,ordered
166,67,92,in_cart
167,93,91,in_cart
168,33,94,in_cart
169,13,50,deleted
170,26,59,deleted
171,41,14,in_cart
172,45,30,in_cart
173,67,20,ordered
174,39,88,in_cart
175,69,71,in_cart
176,67,12,deleted
177,34,41,in_cart
178,26,42,ordered
179,72,24,deleted
180,38,86,in_cart
181,70,29,deleted
182,73,95,ordered
183,26,48,deleted
184,19,53,deleted
185,99,9,in_cart
186,23,93,in_cart
187,97,41,deleted
188,26,30,ordered
189,48,15,ordered
190,85,15,in_cart
191,56,21,in_cart
192,16,83,in_cart
193,44,56,ordered
194,30,1,deleted
195,43,21,in_cart
196,35,84,in_cart
197,20,26,ordered
198,45,69,deleted
199,89,61,ordered
200,3,30,in_cart
201,97,61,ordered
202,12,57,ordered
203,55,58,in_cart
204,6,93,ordered
205,21,62,deleted
206,50,78,in_cart
207,79,70,ordered
208,19,85,in_cart
209,32,23,in_cart
210,92,47,in_cart
211,85,14,in_cart
212,85,87,ordered
213,72,80,ordered
214,28,31,deleted
215,57,52,in_cart
216,56,49,in_cart
217,98,27,deleted
218,22,28,in_cart
219,54,61,deleted
220,86,33,in_cart
221,91,26,deleted
222,70,50,ordered
223,29,63,ordered
224,65,26,ordered
225,12,53,in_cart
226,38,97,in_cart
227,47,70,in_cart
228,77,44,in_cart
229,88,65,ordered
230,13,79,ordered
231,26,51,deleted
232,48,76,deleted
233,66,65,ordered
234,30,30,deleted
235,23,18,in_cart
236,25,60,deleted
237,61,53,ordered
238,78,50,in_cart
239,14,89,ordered
240,8,34,deleted
241,97,73,in_cart
242,54,29,ordered
243,67,27,in_cart
244,79,43,deleted
245,30,7,ordered
246,57,64,deleted
247,84,74,ordered
248,47,98,in_cart
249,63,38,in_cart
250,95,42,in_cart
251,6,99,deleted
252,35,67,ordered
253,92,22,in_cart
254,55,78,ordered
255,10,83,in_cart
256,74,20,deleted
257,18,50,in_cart
258,12,78,ordered
259,91,72,ordered
260,60,58,ordered
261,12,45,ordered
262,55,11,in_cart
263,6,12,ordered
264,60,17,deleted
265,1,36,in_cart
266,91,88,in_cart
267,48,59,in_cart
268,38,91,in_cart
269,46,35,deleted
270,64,86,ordered
271,46,50,deleted
272,8,55,in_cart
273,23,67,deleted
274,39,90,deleted
275,19,92,ordered
276,8,14,deleted
277,8,91,in_cart
278,58,3,ordered
279,55,92,in_cart
280,21,14,ordered
281,55,41,in_cart
282,74,72,ordered
283,21,78,ordered
284,71,93,in_cart
285,63,77,deleted
286,99,71,ordered
287,36,98,in_cart
288,19,100,deleted
289,20,72,ordered
290,43,54,ordered
291,91,97,in_cart
292,65,33,ordered
293,5,65,ordered
294,88,41,deleted
295,92,79,in_cart
296,71,2,in_cart
297,70,91,ordered
298,89,47,in_cart
299,72,4,ordered
300,82,73,in_cart
301,67,88,ordered
302,50,82,ordered
303,27,28,ordered
304,6,62,ordered
305,74,14,deleted
306,59,93,deleted
307,41,65,ordered
308,21,26,deleted
309,1,14,deleted
310,33,63,in_cart
311,35,86,in_cart
312,28,88,ordered
313,71,51,ordered
314,36,72,deleted
315,3,62,ordered
316,24,38,deleted
317,96,7,ordered
318,25,49,ordered
319,56,38,deleted
320,1,55,deleted
321,49,87,ordered
322,88,24,in_cart
323,11,51,ordered
324,98,90,ordered
325,16,51,in_cart
326,24,52,deleted
327,75,14,deleted
328,66,9,ordered
329,81,82,ordered
330,81,49,ordered
331,88,82,deleted
332,13,57,ordered
333,2,46,in_cart
334,53,69,deleted
335,96,53,ordered
336,19,73,ordered
337,65,62,ordered
338,83,72,ordered
339,19,72,deleted
340,17,89,deleted
341,100,53,deleted
342,11,15,ordered
343,57,76,deleted
344,40,34,ordered
345,15,30,in_cart
346,26,2,deleted
347,52,90,deleted
348,92,48,ordered
349,67,59,in_cart
350,57,15,deleted
351,67,90,deleted
352,50,20,ordered
353,30,31,ordered
354,3,80,deleted
355,53,17,ordered
356,55,12,in_cart
357,45,25,deleted
358,18,22,deleted
359,41,5,in_cart
360,82,3,ordered
361,84,69,ordered
362,64,81,in_cart
363,74,39,ordered
364,84,24,deleted
365,68,15,deleted
366,50,55,in_cart
367,9,7,in_cart
368,73,17,ordered
369,22,10,deleted
370,6,11,in_cart
371,26,88,deleted
372,36,64,in_cart
373,74,63,ordered
374,37,24,deleted
375,92,83,ordered
376,83,95,ordered
377,70,47,ordered
378,1,35,in_cart
379,36,41,deleted
380,13,56,deleted
381,46,6,in_cart
382,32,6,deleted
383,63,68,ordered
384,56,79,in_cart
385,75,76,deleted
386,54,64,ordered
387,79,70,ordered
388,98,9,deleted
389,60,61,deleted
390,22,2,in_cart
391,90,60,in_cart
392,50,99,ordered
393,38,44,deleted
394,9,97,ordered
395,5,40,ordered
396,92,80,deleted
397,32,44,ordered
398,11,11,in_cart
399,59,89,ordered
400,77,52,deleted
401,37,16,deleted
402,45,28,in_cart
403,28,83,in_cart
404,80,65,in_cart
405,16,2,deleted
406,29,86,ordered
407,72,29,ordered
408,32,36,ordered
409,18,37,ordered
410,87,85,deleted
411,54,71,ordered
412,74,43,deleted
413,60,41,deleted
414,7,17,ordered
415,84,23,in_cart
416,36,17,ordered
417,27,54,in_cart
418,93,25,deleted
419,84,38,deleted
420,37,91,ordered
421,48,48,deleted
422,31,66,in_cart
423,47,18,ordered
424,30,93,deleted
425,75,93,deleted
426,20,34,ordered
427,15,63,ordered
428,81,78,in_cart
429,93,44,ordered
430,4,16,ordered
431,82,63,ordered
432,53,81,ordered
433,31,80,deleted
434,41,28,in_cart
435,49,24,deleted
436,66,12,in_cart
437,4,99,ordered
438,56,61,in_cart
439,55,54,in_cart
440,95,90,in_cart
441,32,24,ordered
442,31,56,ordered
443,5,17,in_cart
444,82,49,deleted
445,39,80,in_cart
446,94,13,deleted
447,79,36,in_cart
448,87,52,deleted
449,5,6,in_cart
450,77,67,deleted
451,38,77,deleted
452,66,15,deleted
453,99,59,ordered
454,98,79,ordered
455,56,32,in_cart
456,40,72,in_cart
457,89,20,in_cart
458,33,100,deleted
459,45,80,deleted
460,29,65,ordered
461,25,59,in_cart
462,26,100,in_cart
463,10,69,deleted
464,54,85,in_cart
465,32,15,in_cart
466,51,51,deleted
467,67,46,deleted
468,84,60,in_cart
469,79,98,ordered
470,58,59,in_cart
471,1,98,ordered
472,72,79,deleted
473,72,91,deleted
474,85,92,in_cart
475,90,34,in_cart
476,89,22,in_cart
477,30,100,in_cart
478,34,67,ordered
479,10,80,in_cart
480,79,54,ordered
481,76,30,ordered
482,10,61,deleted
483,3,30,deleted
484,74,24,deleted
485,99,69,deleted
486,51,80,deleted
487,66,61,deleted
488,1,18,ordered
489,37,53,in_cart
490,50,13,in_cart
491,15,74,in_cart
492,58,74,deleted
493,47,97,ordered
494,35,42,in_cart
495,76,21,in_cart
496,29,41,deleted
497,95,83,ordered
498,22,9,deleted
499,92,44,deleted
500,37,1,ordered
501,95,78,in_cart
502,68,40,ordered
503,89,6,deleted
504,57,38,ordered
505,63,97,deleted
506,70,89,in_cart
507,55,55,deleted
508,15,44,in_cart
509,10,43,in_cart
510,77,6,deleted
511,2,53,in_cart
512,58,6,in_cart
513,82,28,ordered
514,97,57,in_cart
515,62,26,ordered
516,23,44,in_cart
517,91,29,ordered
518,57,91,ordered
519,79,5,in_cart
520,46,37,ordered
521,27,29,ordered
522,50,96,in_cart
523,85,12,in_cart
524,40,92,deleted
525,71,43,deleted
526,61,53,in_cart
527,7,78,ordered
528,90,17,deleted
529,71,89,deleted
530,91,11,deleted
531,43,31,ordered
532,51,11,in_cart
533,60,77,deleted
534,99,86,deleted
535,80,25,in_cart
536,82,63,ordered
537,31,68,deleted
538,98,43,deleted
539,81,17,deleted
540,64,15,ordered
541,41,99,deleted
542,37,45,ordered
543,23,81,in_cart
544,79,37,ordered
545,88,67,deleted
546,50,58,ordered
547,19,25,in_cart
548,44,94,ordered
549,97,51,deleted
550,2,92,ordered
551,79,16,ordered
552,60,87,deleted
553,46,24,in_cart
554,30,38,deleted
555,60,21,deleted
556,19,37,deleted
557,2,35,ordered
558,17,76,ordered
559,91,91,deleted
560,45,95,in_cart
561,56,42,ordered
562,7,40,deleted
563,19,37,ordered
564,81,41,ordered
565,60,62,in_cart
566,93,99,ordered
567,45,81,ordered
568,89,3,ordered
569,85,92,ordered
570,35,27,deleted
571,76,29,in_cart
572,32,53,in_cart
573,77,79,deleted
574,88,3,deleted
575,53,80,deleted
576,100,6,deleted
577,92,10,in_cart
578,71,25,ordered
579,60,92,in_cart
580,85,49,ordered
581,7,47,ordered
582,57,77,in_cart
583,72,34,in_cart
584,3,51,deleted
585,33,1,ordered
586,94,47,in_cart
587,89,84,in_cart
588,8,11,deleted
589,65,62,ordered
590,58,60,in_cart
591,26,25,in_cart
592,78,47,in_cart
593,38,81,deleted
594,33,71,ordered
595,57,64,deleted
596,64,31,in_cart
597,64,35,ordered
598,64,18,ordered
599,80,42,ordered
600,43,70,in_cart
601,70,99,in_cart
602,46,63,in_cart
603,81,94,deleted
604,22,12,deleted
605,59,52,deleted
606,17,50,deleted
607,82,16,deleted
608,83,14,ordered
609,67,50,ordered
610,41,4,deleted
611,98,82,ordered
612,58,48,ordered
613,42,77,in_cart
614,11,75,deleted
615,47,97,in_cart
616,65,74,in_cart
617,78,69,in_cart
618,29,96,in_cart
619,93,36,ordered
620,4,88,ordered
621,55,40,deleted
622,13,84,ordered
623,7,30,ordered
624,85,6,deleted
625,9,54,in_cart
626,33,44,deleted
627,80,41,deleted
628,33,63,in_cart
629,11,58,ordered
630,5,91,deleted
631,22,71,in_cart
632,70,32,deleted
633,9,99,in_cart
634,2,46,deleted
635,62,25,ordered
636,32,59,in_cart
637,41,26,ordered
638,54,8,deleted
639,100,49,in_cart
640,73,1,ordered
641,36,67,in_cart
642,67,76,ordered
643,27,33,ordered
644,33,83,ordered
645,88,89,in_cart
646,72,100,in_cart
647,40,86,in_cart
648,79,9,deleted
649,75,68,in_cart
650,69,6,ordered
651,29,97,deleted
652,38,49,in_cart
653,70,22,in_cart
654,39,22,ordered
655,80,35,in_cart
656,40,87,in_cart
657,79,62,deleted
658,27,86,in_cart
659,47,78,in_cart
660,34,99,ordered
661,84,15,ordered
662,26,9,ordered
663,86,2,deleted
664,39,43,ordered
665,94,93,ordered
666,69,59,in_cart
667,30,91,deleted
668,46,7,deleted
669,19,59,deleted
670,23,77,deleted
671,86,87,in_cart
672,45,64,deleted
673,28,39,ordered
674,73,40,in_cart
675,30,46,deleted
676,51,19,deleted
677,47,31,deleted
678,79,32,deleted
679,79,72,in_cart
680,53,24,deleted
681,44,29,deleted
682,81,49,in_cart
683,46,44,in_cart
684,77,7,in_cart
685,12,13,ordered
686,97,3,in_cart
687,31,97,in_cart
688,70,77,in_cart
689,25,44,ordered
690,2,25,deleted
691,33,79,deleted
692,49,4,deleted
693,24,61,deleted
694,43,80,in_cart
695,80,81,deleted
696,85,48,in_cart
697,69,56,ordered
698,51,59,deleted
699,53,59,deleted
700,41,40,ordered
701,12,51,in_cart
702,45,6,deleted
703,26,63,ordered
704,53,47,ordered
705,96,17,deleted
706,13,94,ordered
707,58,56,in_cart
708,52,77,in_cart
709,91,5,in_cart
710,9,68,deleted
711,97,14,deleted
712,88,98,in_cart
713,38,99,ordered
714,35,56,in_cart
715,50,49,ordered
716,37,99,deleted
717,82,40,ordered
718,27,75,deleted
719,89,89,ordered
720,88,36,ordered
721,3,79,ordered
722,59,86,in_cart
723,30,16,ordered
724,59,40,ordered
725,64,22,in_cart
726,6,69,deleted
727,16,33,deleted
728,88,44,ordered
729,1,79,ordered
730,92,32,ordered
731,7,48,deleted
732,92,70,deleted
733,68,23,deleted
734,79,23,deleted
735,41,30,ordered
736,4,42,in_cart
737,89,86,in_cart
738,21,91,ordered
739,61,94,ordered
740,38,18,in_cart
741,37,100,ordered
742,99,51,ordered
743,19,20,ordered
744,46,27,in_cart
745,82,45,deleted
746,9,39,deleted
747,7,34,deleted
748,15,85,deleted
749,69,22,deleted
750,20,41,ordered
751,15,7,in_cart
752,97,88,deleted
753,46,85,in_cart
754,23,31,in_cart
755,82,86,in_cart
756,14,73,deleted
757,40,47,deleted
758,67,17,deleted
759,72,3,in_cart
760,92,11,in_cart
761,50,49,deleted
762,27,53,in_cart
763,9,29,in_cart
764,95,64,ordered
765,49,25,deleted
766,22,99,ordered
767,48,10,deleted
768,86,62,deleted
769,38,76,ordered
770,28,69,in_cart
771,51,6,deleted
772,76,42,deleted
773,44,55,ordered
774,63,92,deleted
775,75,87,in_cart
776,77,89,deleted
777,81,59,ordered
778,72,46,ordered
779,32,75,ordered
780,62,4,in_cart
781,76,52,in_cart
782,60,41,in_cart
783,69,38,ordered
784,81,56,in_cart
785,44,43,in_cart
786,14,41,in_cart
787,7,30,in_cart
788,73,51,in_cart
789,10,30,in_cart
790,19,53,in_cart
791,99,91,deleted
792,34,93,in_cart
793,86,57,in_cart
794,80,97,ordered
795,26,63,ordered
796,56,7,deleted
797,8,74,ordered
798,85,65,ordered
799,48,98,ordered
800,81,20,in_cart
801,91,61,ordered
802,74,43,deleted
803,98,86,deleted
804,18,61,ordered
805,50,89,in_cart
806,2,76,in_cart
807,13,16,ordered
808,36,41,deleted
809,44,23,deleted
810,4,23,ordered
811,19,91,deleted
812,32,59,in_cart
813,53,21,in_cart
814,18,12,in_cart
815,52,98,in_cart
816,95,6,deleted
817,89,33,ordered
818,57,16,ordered
819,59,72,ordered
820,46,85,deleted
821,37,74,deleted
822,99,55,deleted
823,55,18,ordered
824,2,65,deleted
825,90,90,in_cart
826,43,69,ordered
827,25,4,ordered
828,91,74,ordered
829,26,15,in_cart
830,33,39,in_cart
831,96,52,ordered
832,63,7,ordered
833,47,10,ordered
834,58,20,in_cart
835,90,17,ordered
836,96,58,in_cart
837,49,92,ordered
838,31,50,in_cart
839,87,78,in_cart
840,97,64,deleted
841,44,47,deleted
842,37,20,ordered
843,66,7,in_cart
844,65,83,deleted
845,79,52,deleted
846,97,18,ordered
847,47,31,deleted
848,58,92,deleted
849,15,54,ordered
850,72,62,ordered
851,35,12,ordered
852,42,13,ordered
853,61,77,ordered
854,97,84,in_cart
855,4,35,in_cart
856,24,3,ordered
857,82,6,deleted
858,45,26,deleted
859,13,9,ordered
860,65,92,ordered
861,39,17,in_cart
862,84,3,ordered
863,89,20,ordered
864,89,32,deleted
865,59,4,in_cart
866,7,85,in_cart
867,16,38,ordered
868,43,28,in_cart
869,4,83,deleted
870,99,39,ordered
871,7,60,in_cart
872,97,40,deleted
873,34,2,ordered
874,66,48,in_cart
875,38,30,in_cart
876,1,92,in_cart
877,47,59,in_cart
878,91,16,deleted
879,74,64,ordered
880,65,12,in_cart
881,70,81,ordered
882,51,89,in_cart
883,54,66,in_cart
884,20,3,ordered
885,87,17,in_cart
886,54,23,in_cart
887,50,26,in_cart
888,68,52,deleted
889,44,39,deleted
890,5,9,deleted
891,82,79,deleted
892,31,52,in_cart
893,98,65,deleted
894,76,69,deleted
895,55,39,in_cart
896,97,73,ordered
897,56,56,deleted
898,17,30,in_cart
899,57,9,deleted
900,59,82,deleted
901,52,66,deleted
902,83,100,ordered
903,23,74,ordered
904,70,14,ordered
905,45,21,ordered
906,46,51,in_cart
907,42,24,in_cart
908,61,27,ordered
909,11,85,in_cart
910,74,9,deleted
911,90,49,in_cart
912,45,12,ordered
913,48,23,ordered
914,73,97,deleted
915,2,51,in_cart
916,46,28,ordered
917,70,79,ordered
918,16,53,deleted
919,47,54,deleted
920,25,18,in_cart
921,40,29,ordered
922,85,84,ordered
923,100,63,deleted
924,89,25,deleted
925,30,29,in_cart
926,44,26,in_cart
927,76,74,ordered
928,60,37,in_cart
929,33,62,in_cart
930,41,97,ordered
931,18,98,ordered
932,32,4,in_cart
933,62,88,deleted
934,60,50,in_cart
935,89,14,in_cart
936,74,16,in_cart
937,97,47,deleted
938,51,25,in_cart
939,42,73,ordered
940,51,90,deleted
941,44,83,in_cart
942,44,8,ordered
943,33,32,ordered
944,11,1,deleted
945,41,21,deleted
946,77,26,deleted
947,20,71,in_cart
948,31,20,ordered
949,71,13,in_cart
950,31,60,in_cart
951,67,43,deleted
952,35,95,in_cart
953,49,69,deleted
954,70,7,in_cart
955,65,40,in_cart
956,64,20,ordered
957,8,14,deleted
958,4,93,ordered
959,100,84,deleted
960,88,83,ordered
961,67,6,deleted
962,87,84,in_cart
963,78,41,in_cart
964,47,82,in_cart
965,40,68,ordered
966,71,13,in_cart
967,95,21,deleted
968,4,74,ordered
969,30,37,deleted
970,18,21,in_cart
971,51,78,ordered
972,13,93,ordered
973,39,94,deleted
974,89,45,deleted
975,17,25,deleted
976,73,96,ordered
977,82,82,in_cart
978,38,87,ordered
979,3,97,deleted
980,33,73,deleted
981,72,76,in_cart
982,94,55,ordered
983,97,87,deleted
984,68,100,in_cart
985,9,45,in_cart
986,50,28,in_cart
987,5,11,in_cart
988,47,12,ordered
989,87,83,in_cart
990,37,57,deleted
991,45,4,in_cart
992,35,99,ordered
993,70,78,deleted
994,10,73,deleted
995,63,32,deleted
996,47,77,deleted
997,66,41,in_cart
998,84,39,in_cart
999,75,5,ordered
1000,65,45,ordered
