CID,password,Firstname,Lastname,gender,BDate,City
1,5nZezypC,Godfery,Wilson,male,1989-06-24,Taipei
2,XhS0dVJk,Una,Wilson,female,1997-07-02,Hsinchu
3,MC_9SmE7,Rose,Thomas,female,1975-04-16,Kaoshiung
4,cerc7rce,Glenn,Smith,male,1993-10-08,Taichung
5,DygEA0H1,Armin,Taylor,male,1983-04-06,Taipei
6,jeUZSDbv,Denise,Anderson,female,1999-02-12,Taichung
7,KSJN0NHg,Byron,Jones,male,1983-01-13,New Taipei
8,bLGVt6D4,Yuri,Gagnon,female,1990-12-21,Hsinchu
9,VoTfUgdg,Nelly,Brown,female,1989-02-05,Tainan
10,L1Z9HeYy,Susan,Smith,female,2002-11-10,New Taipei
11,6kzqZwjI,Chance,Walsh,male,1972-06-25,Taichung
12,FKXdj8HR,Killian,Williams,male,1977-07-23,New Taipei
13,IYTtqgKv,Sampson,O'Connor,male,1991-07-10,Tainan
14,g2miPp4Z,Gregary,Williams,male,1992-10-01,Hsinchu
15,OnfyfALP,Robert,Taylor,male,1993-06-27,Taipei
16,oB2KY4iI,Lyndon,Martin,male,1974-02-09,Taichung
17,wKqwegwm,Aubrey,Roberts,male,1983-03-14,Hsinchu
18,qT5dxarQ,Blake,Smith,male,1982-01-27,Taipei
19,vda6iAqD,Griselda,Tremblay,female,1973-06-19,New Taipei
20,aaYGZ7hC,Anila,Smith,female,1973-02-23,Taipei
21,3fEipWqQ,Liz,Singh,female,1999-01-23,Hsinchu
22,cnTs4471,Gina,Roberts,female,2002-05-18,Taipei
23,gtejjn_y,Dick,O'Brien,male,1981-04-25,Tainan
24,8o9AaYg4,Apphia,Evans,female,2009-11-11,Kaoshiung
25,vBq-4k8C,Blake,Garcia,male,1999-04-25,Kaoshiung
26,S0oHUf_N,Hedy,Taylor,female,1984-06-22,New Taipei
27,k6F1XlPI,Ford,Jones,male,2000-05-14,Tainan
28,P7Lwex3x,Philip,Lam,male,1999-11-24,Hsinchu
29,uuvxSvm_,Malcolm,Davis,male,2004-07-10,Hsinchu
30,h5RjN4Q9,Violet,Davies,female,1974-06-12,Taichung
31,tey-NVNo,Beau,Brown,male,2005-02-17,Kaoshiung
32,DdtZPwzd,Phoebe,Taylor,female,1998-10-04,Taichung
33,L_0oiPs4,Reg,Li,male,2006-10-12,Kaoshiung
34,Ua70WZL4,Angus,Brown,male,1976-03-05,Taipei
35,tSp0_0-n,Bennett,Smith,male,2009-12-26,New Taipei
36,tiB0fqiI,Prima,Smith,female,2007-05-30,Hsinchu
37,DZaskDWB,Esther,Williams,female,2002-04-05,New Taipei
38,0bcdKb8O,Viola,Wilson,female,1982-05-10,Taipei
39,RhgKujK-,Elijah,Jones,male,2008-01-14,Taichung
40,Emh1xiQ2,Emma,Gagnon,female,2003-07-10,Taichung
41,6YVWLpgN,Rupert,Lam,male,1993-09-02,Tainan
42,E6_o-HYZ,Caesar,Lam,male,1976-01-21,Taichung
43,E_1jSecM,Royal,Jones,male,2006-03-06,New Taipei
44,M4vU8ZLL,Tracy,O'Brien,female,1972-10-17,Taichung
45,AkRSoSrL,Jill,Taylor,female,1986-10-20,New Taipei
46,HmwxabHf,Maxwell,Roy,male,1979-05-27,Kaoshiung
47,BpYpJQgs,Fay,Brown,female,1984-10-15,Kaoshiung
48,GTWckfD9,Elvira,White,female,2003-10-25,Taipei
49,eqdhHYhD,Earnest,Anderson,male,1990-06-24,Tainan
50,9cCZWWGL,Taylor,Wilson,male,1987-01-25,Taipei
51,-JWCnFtD,Sherry,Taylor,female,1998-08-05,Kaoshiung
52,v1rCaMgG,Cornelius,Lam,male,1985-10-03,Taichung
53,NCC5ATbw,Rose,Johnson,female,1996-09-21,Kaoshiung
54,cgqJmDf0,Norma,Martin,female,1997-10-14,Kaoshiung
55,uXDCvgys,Alani,Gagnon,female,1972-07-11,New Taipei
56,mLGzS8IV,Joanne,Taylor,female,2002-08-16,Hsinchu
57,u-yZfIt1,Glenn,Roberts,male,1986-07-22,New Taipei
58,AYmHcPoT,Eldred,Anderson,male,1986-10-15,New Taipei
59,TULdqdA-,Mona,Li,female,1980-08-18,Taipei
60,YNcvVoDh,Grace,Anderson,female,1984-06-08,Taipei
61,q23Dy4yf,Alvin,Martin,male,1997-02-07,Taichung
62,GOMwO7Qx,Killian,Smith,male,1977-08-13,Taipei
63,RL7-Pr-U,Kimberley,Garcia,female,1999-03-30,Tainan
64,DOOMngEi,Wendell,Wilson,male,1996-02-25,Kaoshiung
65,L26PVBi5,Jocelyn,Li,female,1997-04-18,Taichung
66,pcNPhqFE,Alisa,Wang,female,1986-01-14,Tainan
67,ASDcxbn6,Sigrid,Jones,female,2003-03-21,Taichung
68,VHJR26Yt,Yvette,Rodriguez,female,2002-03-12,Kaoshiung
69,Ew4RiqME,Eric,Tremblay,male,2001-12-22,Tainan
70,Og2qKjLY,Verna,Martin,female,1984-05-24,Kaoshiung
71,dDu8x3Hd,Grace,Brown,female,1985-10-20,Kaoshiung
72,W-YWHWvs,Blanche,O'Neill,female,2001-01-17,Tainan
73,AvlDsa0R,Kate,Davies,female,1971-10-21,Taichung
74,aRJMrKST,Letitia,Brown,female,1990-02-12,Taipei
75,pLAO9n1c,Meroy,Singh,female,2001-07-17,Tainan
76,gEyWO5aK,Bella,White,female,1977-07-08,Tainan
77,w09hm1O6,Omar,Brown,male,2003-01-13,Kaoshiung
78,NWiMrwKB,Vera,Wilson,female,1997-08-25,New Taipei
79,FPjlmFrx,Delbert,Brown,male,2000-10-26,Hsinchu
80,9m81lnSC,Suzanne,Jones,female,1974-10-12,Kaoshiung
81,WLe4_0Ih,Royal,Jones,male,1974-03-25,New Taipei
82,Lkoy2SHP,Angela,Williams,female,1989-01-08,Kaoshiung
83,R4PMrsur,Myrna,Wilson,female,2000-01-13,New Taipei
84,PLhXcptD,Belen,Davis,female,1999-07-15,Tainan
85,-VXOxthG,Levi,Smith,male,1997-11-23,Kaoshiung
86,uuvqqmQl,Tracy,Wilson,male,1972-05-19,Taichung
87,-UEpvC32,Bennett,Walsh,male,1997-10-07,Taipei
88,q_i_DnMf,Coral,Taylor,female,2009-11-24,Hsinchu
89,W-p9PuIT,Christ,Brown,male,2007-08-16,Tainan
90,OohpHvA6,Alexis,Smith,male,2006-03-22,Taipei
91,rjP_uQLK,Megan,Johnson,female,1993-05-16,Taichung
92,tol40fZu,Ophelia,Walsh,female,1998-08-08,Kaoshiung
93,qmfGX-Z9,Andrea,Li,female,1982-06-18,Taipei
94,7UceVPDM,Joanna,Evans,female,1985-11-16,Taipei
95,Zvu6bG1B,Hilary,Wilson,male,1981-10-01,Hsinchu
96,qq-eQCry,Julie,Morton,female,2007-02-18,Taichung
97,mDkTxD_u,Antonia,White,female,1981-01-01,Taipei
98,cXvQe4iy,Polly,Anderson,female,1993-09-18,Hsinchu
99,tJuJicpD,Mary,Garcia,female,2007-11-17,Hsinchu
100,upQvBJ8C,Wayne,O'Brien,male,1998-09-19,Tainan
