PID,PName,Size,Price,Category
1,,XL,298,shirts
2,,XL,194,sweater
3,,XL,271,pants
4,,S,897,skirts
5,,XL,775,T-shirt
6,,M,470,shirts
7,,XS,290,sweater
8,,S,662,shoe
9,,XS,189,shoe
10,,M,773,skirts
11,,L,966,skirts
12,,M,113,shirts
13,,XL,566,shirts
14,,M,512,skirts
15,,XS,898,sweater
16,,M,513,shoe
17,,L,524,pants
18,,XS,911,sweater
19,,L,259,sweater
20,,XS,943,pants
21,,L,549,shoe
22,,S,786,T-shirt
23,,S,257,pants
24,,XS,380,pants
25,,XS,148,T-shirt
26,,S,491,skirts
27,,L,684,skirts
28,,M,116,shoe
29,,L,235,T-shirt
30,,S,626,shirts
31,,L,186,skirts
32,,S,696,T-shirt
33,,S,292,pants
34,,XL,865,skirts
35,,L,404,pants
36,,L,927,pants
37,,XL,634,pants
38,,XS,953,T-shirt
39,,S,298,skirts
40,,XS,948,shoe
41,,XL,102,pants
42,,XL,994,pants
43,,XS,191,T-shirt
44,,M,471,shoe
45,,L,295,shirts
46,,M,357,T-shirt
47,,L,764,sweater
48,,XL,644,sweater
49,,XS,154,sweater
50,,XL,505,pants
51,,M,102,sweater
52,,M,161,shirts
53,,XL,659,T-shirt
54,,L,197,skirts
55,,XS,672,shirts
56,,M,864,T-shirt
57,,XL,229,shirts
58,,S,641,skirts
59,,M,344,skirts
60,,S,314,skirts
61,,S,660,skirts
62,,XS,895,T-shirt
63,,M,904,pants
64,,S,800,T-shirt
65,,XL,304,sweater
66,,L,512,pants
67,,S,834,skirts
68,,L,476,pants
69,,S,953,shirts
70,,L,404,pants
71,,L,717,T-shirt
72,,XL,199,skirts
73,,M,910,skirts
74,,XL,415,pants
75,,XS,756,skirts
76,,XS,356,T-shirt
77,,M,280,shoe
78,,XL,650,pants
79,,S,825,pants
80,,L,646,shoe
81,,L,924,shoe
82,,L,915,skirts
83,,L,762,skirts
84,,S,718,sweater
85,,S,314,shirts
86,,S,760,shirts
87,,L,791,shoe
88,,S,523,skirts
89,,S,516,shirts
90,,XS,368,shirts
91,,S,724,sweater
92,,S,847,T-shirt
93,,S,762,T-shirt
94,,S,573,sweater
95,,XL,997,pants
96,,M,596,shirts
97,,XL,488,sweater
98,,XS,569,T-shirt
99,,XL,804,T-shirt
100,,L,291,sweater
